grupo,nome,dominio,url_base,url_patterns,status
,3 Torres Leilões,https://www.3torresleiloes.com.br,,,
,Agência Leilões,https://www.agencialeilao.com.br,,,
,Agil Leilões,https://www.agilleiloes.com.br,,,
,Agostinho Leilões,https://www.agostinholeiloes.com.br,,,
,Alemão Leilões,https://www.alemaoleiloeiro.com.br,,,
,Alexandre Pedrosa Leiloeiro,https://www.alexandrepedrosaleiloeiro.com.br,,,
,Alves Leilões,https://www.alvesleiloes.com.br,,,
,AM Leilões,https://www.amleiloes.lel.br,,,
,Amanda Tomazelli Leiloeira,https://www.atomazellileiloeira.com.br,,,
,Amaral Leilões,https://www.amaralleiloes.com.br,,,
,Andrade Leilões,https://www.andradeleiloes.com.br,,,
,Apice Leilões,https://www.apiceleiloes.com.br,,,
,Aragão Leilões,https://www.aragaoleiloes.com.br,,,
,ARG Leilões,https://www.argleiloes.com.br,,,
,Assunção Leilões,https://www.assuncaoleiloes.com.br,,,
,Back Leilões,https://www.backleiloes.com.br,,,
,Benozzati,https://www.benozzati.com.br,,,
,Best Leilões,https://www.bestleiloes.com.br,,,
,BidMax,https://www.bidmax.com.br,,,
,Brasil Sul Leilões,https://www.brasilsulleiloes.com.br,,,
,Bronzatto Leilões,https://www.bronzattoleiloes.com.br,,,
,Bruno Niewinski Leilões,https://www.brunoniewinskileiloes.com.br,,,
,Cardoso Leilões,https://www.cardosoleiloes.com.br,,,
,Cargnelutti Leilões,https://www.cargneluttileiloes.com.br,,,
,CCJ Leilões,https://www.ccjleiloes.com.br,,,
,Cencin,https://www.cencin.com.br,,,
,Central dos Leilões,https://www.centraldosleiloes.com.br,,,
,Clic Leilões,https://www.clicleiloes.com.br,,,
,Colodete Leilões,https://www.colodeteleiloes.com.br,,,
,Conceito Leilões,https://www.conceitoleiloes.com.br,,,
,Construbem Leilões,https://www.construbemleiloes.com.br,,,
,Cravo Leilões,https://www.cravoleiloes.com.br,,,
,Damasio Leilões,https://www.damasioleiloes.com.br,,,
,Daniel Garcia Leilões,https://www.danielgarcialeiloes.com.br,,,
,Diego Leilões,https://www.diegoleiloes.com.br,,,
,FA Leilões,https://www.faleiloes.com.br,,,
,Ferreira Leilões,https://www.ferreiraleiloes.com.br,,,
,Ferronato Leilões,https://www.ferronatoleiloes.com.br,,,
,Foco Leilões,https://www.focoleiloes.com.br,,,
,GL Leilões,https://www.glleiloes.com.br,,,
,GR Leilões,https://www.grleiloes.com,,,
,GSP Leilões,https://www.gspleiloes.com.br,,,
,Gutemberg Araujo Leilões,https://www.gutembergaraujoleiloes.com.br,,,
,Hallal Leilões,https://www.hallalleiloes.com.br,,,
,Hammer,https://www.hammer.lel.br,,,
,Hasta Leilões,https://www.hastaleiloes.com.br,,,
,Isabelle Leilões,https://www.isabelleiloes.com.br,,,
,Isaias Leilões,https://www.isaiasleiloes.com.br,,,
,Italo Leilões,https://www.italoleiloes.com,,,
,JG Cargnelutti Leilões,https://www.jgcargneluttileiloes.com.br,,,
,João Emilio,https://www.joaoemilio.com.br,,,
,João Luiz Leilões,https://www.joaoluizleiloes.com.br,,,
,Joca Leilões Agro,https://www.jocaleiloesagro.com.br,,,
,Junkes Leilões,https://www.junkesleiloes.com.br,,,
,Kildare Leilões,https://www.kildareleiloes.com.br,,,
,Lance Leilões,https://www.lanceleiloes.com.br,,,
,Lance SE,https://www.lancese.com.br,,,
,Lance VIP,https://www.lancevip.com.br,,,
,Lecape Leilões,https://www.lecapeleiloes.com.br,,,
,Leilão Pernambuco,https://www.leilaopernambuco.com.br,,,
,Leilão Santos,https://www.leilaosantos.com.br,,,
,Leiloeiro Judicial,https://www.leiloeirojudicial.com.br,,,
,Leiloeiro Nacif,https://www.leiloeironacif.com,,,
,Leiloeiro Online,https://www.leiloeiro.online,,,
,Leiloeiros de Brasília,https://www.leiloeirosdebrasilia.com.br,,,
,Leilões Aguiar,https://www.leiloesaguiar.com.br,,,
,Leilões Ceruli,https://www.leiloesceruli.com.br,,,
,Leilões Costa e Silva,https://www.leiloescostaesilva.com.br,,,
,Leilões Cruz,https://www.leiloescruz.com.br,,,
,Leilões Gold,https://www.leiloesgold.com.br,,,
,Leilões RN,https://www.leiloesrn.com.br,,,
,Leilões Tocantins,https://www.leiloestocantins.com,,,
,LK Leilões,https://www.lkleiloes.com.br,,,
,Lopes Leilões,https://www.lopesleiloes.net.br,,,
,Lotti Leilões,https://www.lottileiloes.com.br,,,
,Macedo Leilões,https://www.macedoleiloes.com.br,,,
,Machado Leiloeiro,https://www.machadoleiloeiro.com.br,,,
,Machado Leilões,https://www.machadoleiloes.com.br,,,
,Maráurzedo Leilão,https://www.maraurzedoleilao.com.br,,,
,Marcello Lemos Leiloeiro,https://www.marcellolemosleiloeiro.com.br,,,
,MG Leilões RS,https://www.mgleiloes-rs.com.br,,,
,Moraes Leilões,https://www.moraesleiloes.com.br,,,
,Muller Leilões,https://www.mullerleiloes.com.br,,,
,Natalia Leilões,https://www.natalialeiloes.com.br,,,
,Nogari Leilões,https://www.nogarileiloes.com.br,,,
,Nosso Leilão,https://www.nossoleilao.com.br,,,
,Octavio Leilões,https://www.octavioleiloes.com.br,,,
,OneBid,https://www.onebid.com.br,,,
,Oro Leilões,https://www.oroleiloes.lel.br,,,
,Patio Rocha Leilões,https://www.patiorochaleiloes.com.br,,,
,Pavani Leilões,https://www.pavanileiloes.com.br,,,
,Pedro Lopes Leilões,https://www.pedrolopesleiloes.com.br,,,
,Pereira Leilões CE,https://www.pereiraleiloesce.com.br,,,
,Pimentel Leilões,https://www.pimentelleiloes.com.br,,,
,Plaza Leilões,https://www.plazaleiloes.com.br,,,
,Plus Leilões,https://www.plusleiloes.lel.br,,,
,Portela Leilões,https://www.portelaleiloes.com.br,,,
,Purcena Leilões,https://www.purcenaleiloes.com.br,,,
,Rafaela Ribeiro Leilões,https://www.rafaelaribeiroleiloes.com.br,,,
,Raicher Leilões,https://www.raicherleiloes.com.br,,,
,Realiza Leilões,https://www.realizaleiloes.com.br,,,
,Rech Leilões,https://www.rechleiloes.com.br,,,
,Rico Leilões,https://www.ricoleiloes.com.br,,,
,RJ Leilões,https://www.rjleiloes.com.br,,,
,Santiago Leilões,https://www.santiagoleiloes.com.br,,,
,Simão Leilões,https://www.simaoleiloes.com.br,,,
,Site Leilões,https://www.siteleiloes.com.br,,,
,SN Leilões,https://www.snleiloes.com.br,,,
,Sydney Leilões,https://www.sydneyleiloes.com.br,,,
,Ten Leilão,https://www.tenleilao.com.br,,,
,TM Leilões,https://www.tmleiloes.com.br,,,
,Tribunal Leilões,https://www.tribunaleiloes.com.br,,,
,Valdeir Pereira Leiloeiro,https://www.valdeirpereiraleiloeiro.com.br,,,
,Vegas Leilões,https://www.vegasleiloes.com.br,,,
,Victor Dorta Leilões,https://www.victordortaleiloes.com.br,,,
,WMS Leilões,https://www.wmsleiloes.com.br,,,
,WSP Leilões,https://www.wspleiloes.com.br,,,
,Zago Leilões,https://www.zagoleiloes.com.br,,,
,Agili Leilões,https://www.agilileiloes.com.br,,,
,Alegranzzi Leilões,https://www.alegranzzileiloes.com.br,,,
,AMT Leilões,https://www.amtleiloes.com.br,,,
,Arnaldo Leilões,https://www.arnoldoleiloes.com.br,,,
,Assertiva Leilões,https://www.assertivaleiloes.com.br,,,
,Bartmann Leilões,https://www.bartmannleiloes.com.br,,,
,Bianchi Leilões,https://www.bianchileiloes.com.br,,,
,BIS Leiloeiro,https://www.bisleiloeiro.com.br,,,
,BLM Leilão,https://www.blm.leilao.br,,,
,BSB Leilões,https://www.bsbleiloes.com.br,,,
,Cecilia Delzeir Leilões,https://www.ceciliadelzeirleiloes.com.br,,,
,CK Leilões,https://www.ckleiloes.com.br,,,
,Clademir Leiloeiro,https://www.clademirleiloeiro.com.br,,,
,Clovis Leiloeiro,https://www.clovisleiloeiro.com.br,,,
,Costa Salman Leilões,https://www.costasalmanleiloes.com.br,,,
,CPK Leilões,https://www.cpkleiloes.com.br,,,
,Debora Barz Leilões,https://www.deborabarzleiloes.com.br,,,
,Debora Muller Leilões,https://www.deboramullerleiloes.com.br,,,
,Delucca Leilões,https://www.deluccaleiloes.com.br,,,
,DLD Leiloeiro,https://www.dldleiloeiro.com.br,,,
,Eduardo Vivian,https://www.eduardovivian.com,,,
,Farias Leilões,https://www.fariasleiloes.com.br,,,
,Fernanda Leilões,https://www.fernandaleiloes.lel.br,,,
,Fumagalli Leilões,https://www.fumagallileiloes.com.br,,,
,Gabriel Leilões,https://www.gabrielleiloes.com.br,,,
,Gestor Leilões,https://www.gestorleiloes.com.br,,,
,Grandes Leilões,https://www.grandesleiloes.com.br,,,
,GT Leilões,https://www.gtleiloes.com.br,,,
,Hasta Publica,https://www.hastapublica.lel.br,,,
,JAC Leilões,https://www.jacleiloes.com.br,,,
,JHC Leiloeiro Oficial,https://www.jhcleiloeirooficial.lel.br,,,
,J Ritta,https://www.jritta.lel.br,,,
,JU Leilões,https://www.juleiloes.com.br,,,
,Kirinus Leilões,https://www.kirinusleiloes.com.br,,,
,Leffa Leilões,https://www.leffaleiloes.com.br,,,
,Leilão Butia,https://www.leilaobutia.com.br,,,
,Leiloeiro Barbieri,https://www.leiloeirobarbieri.com.br,,,
,Leiloeiro Judicial,https://www.leiloeirojudicial.lel.br,,,
,Leilões SC,https://www.leiloes-sc.com.br,,,
,Leilões RS,https://www.leiloes.rs,,,
,Leilões JV Farias,https://www.leiloesjvfarias.com.br,,,
,Leomar Kirinus Leilões,https://www.leomarkirinusleiloes.com.br,,,
,Lessa Leilões,https://www.lessaleiloes.com.br,,,
,Lipinski Leilões,https://www.lipinskileiloes.com.br,,,
,Lottermann Leilões,https://www.lottermannleiloes.com.br,,,
,Lucivera Reis Leilões,https://www.luciverareisleiloes.com.br,,,
,Luis Leiloeiro,https://www.luisleiloeiro.com.br,,,
,Machado Leilões RS,https://www.machadoleiloesrs.com.br,,,
,Marcelo Leiloeiro,https://www.marceloleiloeiro.com.br,,,
,Medeiros Leilões,https://www.medeirosleiloes.com.br,,,
,Mercado Leilões,https://www.mercadoleiloes.com.br,,,
,Michelli Leilões,https://www.michellileiloes.com.br,,,
,Moresco Leilões,https://www.morescoleiloes.com.br,,,
,MP Leilão,https://www.mpleilao.com.br,,,
,NS Leilões (leilao.br),https://www.nsleiloes.leilao.br,,,
,NS Leilões (lel.br),https://www.nsleiloes.lel.br,,,
,Oscar Leilão,https://www.oscar.leilao.br,,,
,Pietoso Leilões,https://www.pietosoleiloes.com.br,,,
,Rabuske Leilões,https://www.rabuskeleiloes.com.br,,,
,Rangel Leilões,https://www.rangelleiloes.com.br,,,
,Raupp Leilões,https://www.rauppleiloes.com.br,,,
,Regional Leilões,https://www.regionalleiloes.com.br,,,
,Renovar Leilões,https://www.renovarleiloes.com.br,,,
,Rubem Garcia,https://www.rubemgarcia.com.br,,,
,RZ Leilão,https://www.rz.leilao.br,,,
,Sandro Leiloeiro,https://www.sandroleiloeiro.com.br,,,
,Santa Maria Leilões,https://www.santamarialeiloes.com.br,,,
,Santayana Leilões,https://www.santayanaleiloes.com.br,,,
,SB Leilões,https://www.sbleiloes.lel.br,,,
,Scheid Leilão,https://www.scheid.leilao.br,,,
,Scholante,https://www.scholante.com.br,,,
,Silvio Pereira Leiloeiro,https://www.silviopereiraleiloeiro.com.br,,,
,Sol Leilões,https://www.soleiloes.com.br,,,
,Soprano Leilão,https://www.sopranoleilao.com.br,,,
,Super Leilões,https://www.superleiloes.net,,,
,SW Leilões,https://www.swleiloes.com.br,,,
,Szortyka Leilões,https://www.szortykaleiloes.com.br,,,
,Tonialli Leilões,https://www.tonialleiloes.com.br,,,
,Trevisan Leilões,https://www.trevisanleiloes.com.br,,,
,Utzig Leilões,https://www.utzigleiloes.com.br,,,
,Veronica Leilões,https://www.veronicaleiloes.com.br,,,
,Vidal Leilões,https://www.vidalleiloes.com.br,,,
,VS Leilões,https://www.vsleiloes.com,,,
,Wendel Garcia,https://www.wendelgarcia.com.br,,,
,Zaccarias Leilões,https://www.zaccariasleiloes.com.br,,,
,Zuccalmaglio Leilões,https://www.zuccalmaglioleiloes.com.br,,,
,Adring Leilões,https://adringleiloes.com.br,,,
,Aguia Leilões,https://www.aguialeiloes.com.br,,,
,Almoeda Leilões,https://www.almoedaleiloes.com.br,,,
,Arremate Leilões Judiciais,https://www.arremateleiloesjudiciais.com.br,,,
,Bolsa de Leilões,https://www.bolsadeleiloes.com.br,,,
,Casa do Leilão,https://www.casadoleilao.com,,,
,CR Leilões,https://www.crleiloes.com.br,,,
,De Araujo Leilões,https://www.dearaujoleiloes.com.br,,,
,Delano Leilões,https://www.delanoleiloes.com.br,,,
,Dux Leilões,https://www.duxleiloes.com.br,,,
,EDN Leilões,https://www.ednleiloes.com.br,,,
,Eixo Leilões,https://www.eixoleiloes.com.br,,,
,Felipe Frazão,https://www.felipefrazao.com.br,,,
,Flavio Costa Leilões,https://www.flaviocostaleiloes.com.br,,,
,Hisa Leilões,https://www.hisaleiloes.com.br,,,
,Innova Leilões,https://www.innovaleiloes.com.br,,,
,Jussiara Leilões,https://www.jussiaraleiloes.com,,,
,Leilões 61,https://www.leiloes61.com.br,,,
,Leilões Federal,https://www.leiloesfederal.com.br,,,
,Leilões Santos Moraes,https://www.leiloessantosmoraes.com.br,,,
,Lucas Ignacio Leilões,https://www.lucasignacioleiloes.com.br,,,
,Marques Barreto Leilões,https://www.marquesbarretoleiloes.com.br,,,
,Martha Helena Leiloeira,https://www.marthahelenaleiloeira.com.br,,,
,Moacira,https://www.moacira.lel.br,,,
,MRL4 Leilões,https://www.mrl4leiloes.com.br,,,
,Nasar Leilões,https://www.nasarleiloes.com.br,,,
,OA Leilões,https://www.oaleiloes.com.br,,,
,Osvaldo Leilões,https://www.osvaldoleiloes.com.br,,,
,Prosperar Leilões,https://www.prosperarleiloes.com.br,,,
,Rodrigo Leilões,https://www.rodrigoleiloes.com.br,,,
,Sanches Leilões,https://www.sanchesleiloes.com.br,,,
,Soares Leilões,https://www.soaresleiloes.com.br,,,
,UP Leilões,https://www.upleiloes.com.br,,,
,Vargas e Pinto Leilões,https://www.vargasepintoleiloes.com.br,,,
,Vinci Leilões,https://www.vincileiloes.com.br,,,
,Akimito Leilões,https://www.akimotoleiloes.com.br,,,
,Alessandra Leilões,https://www.alessandraleiloes.com.br,,,
,Alessandro Teixeira Leilões,https://www.alessandroteixeiraleiloes.com.br,,,
,Álvaro Leilões,https://www.alvaroleiloes.com.br,,,
,Bom Negócio Leilões,https://www.bomnegocioleiloes.com.br,,,
,Bruno Leilões,https://www.brunoleiloes.com.br,,,
,Capital Valor Leilões,https://www.capitalvalorleiloes.com.br,,,
,Carlo Ferrari Leilões,https://www.carloferrarileiloes.com.br,,,
,Cida Fixer Leilões,https://www.cidafixerleiloes.com.br,,,
,Da Silva Leilões,https://www.dasilvaleiloes.com.br,,,
,Deonizi Leilões,https://www.deonizialeiloes.com.br,,,
,De Souza Leilões,https://www.desouzaleiloes.com.br,,,
,Dias Leilões,https://www.diasleiloes.com.br,,,
,DM Leilões Judiciais,https://www.dmleiloesjudiciais.com.br,,,
,Do Leilões,https://www.doleiloes.com.br,,,
,Fábio Barbosa Leilões,https://www.fabiobarbosaleiloes.com.br,,,
,Fábio Leilões,https://www.fabioleiloes.com.br,,,
,Fidelis Leilões,https://www.fidelisleiloes.com.br,,,
,Galvani Leilões,https://www.galvanileiloes.com.br,,,
,Gilson Leilões,https://www.gilsonleiloes.com.br,,,
,Giordano Leilões,https://www.giordanoleiloes.com.br,,,
,HD Leilões,https://www.hdleiloes.com.br,,,
,JD Leilões,https://www.jdleiloes.com.br,,,
,José Rodovalho Leilões,https://www.joserodovalholeiloes.com.br,,,
,JR Leilões,https://www.jrleiloes.com.br,,,
,J. Silva Leilões,https://www.jsilvaleiloes.com.br,,,
,Leilões Centro Oeste,https://www.leiloescentrooeste.com.br,,,
,Leilões Judiciais Bahia,https://www.leiloesjudiciaisbahia.com.br,,,
,Leilões Maria Filomena,https://www.leiloesmariafilomena.com.br,,,
,Leilões Zanoni,https://www.leiloeszanoni.com.br,,,
,Lívia Leilões,https://www.livialeiloes.com.br,,,
,Marcelo Lima Leilões,https://www.marcelolimaleiloes.com.br,,,
,Maria Fixer Leilões,https://www.mariafixerleiloes.com.br,,,
,Mato Grosso Leilões,https://www.matogrossoleiloes.com.br,,,
,Norte Nordeste Leilões,https://www.nortenordesteleiloes.com.br,,,
,Pantanal Leilões Judiciais,https://www.pantanalleiloesjudiciais.com.br,,,
,Planalto Leilões,https://www.planaltoleiloes.com.br,,,
,Rigolon Leilões,https://www.rigolonleiloes.com.br,,,
,Rio Leilões,https://www.rioleiloes.com.br,,,
,Sudeste Leilões,https://www.sudesteleiloes.com.br,,,
,Supera Leilões,https://www.superaleiloes.com.br,,,
,Thaís Teixeira Leilões,https://www.thaisteixeiraleiloes.com.br,,,
,Verde Amarelo Leilões,https://www.verdeamareloleiloes.com.br,,,
,Verri Leilões,https://www.verrileiloes.com.br,,,
,Viva Goiás Leilões,https://www.vivagoiasleiloes.com.br,,,
,Leilões do Norte,https://www.leiloesdonorte.com.br,,,
,WR Leilões,https://wrleiloes.com.br,,,
,Atlantico Leilões,https://www.atlanticoleiloes.com.br,,,
,MJ Leilões,https://www.mjleiloes.com.br,,,
,Marco Leilões,https://www.marcoleiloes.com.br,,,
,Mariano Leilões,https://www.marianoleiloes.com.br,,,
,Em Leilão,https://www.emleilao.com.br,,,
,Gestão de Leilões,https://www.gestaodeleiloes.com.br,,,
,Sousa Leilões,https://www.sousaleiloes.com.br,,,
,Líder Leilões,https://www.liderleiloes.com.br,,,
,Dalaqua Leilões,https://www.dalaqualeiloes.com.br,,,
,Magliano Leilões,https://www.maglianoleiloes.com.br,,,
,Vix Leilões,https://www.vixleiloes.com.br,,,
,Sevidanes Leiloeira,https://www.sevidanesleiloeira.com.br,,,
,Camila Leilões,https://www.camilaleiloes.com.br,,,
,DCM Leilões,https://www.dcmleiloes.com.br,,,
,De Paula Online,https://www.depaulaonline.com.br,,,
,Ely da Luz Ramos,https://www.elydaluzramos.com.br,,,
,Fabiano Ayupp Leiloeiro,https://www.fabianoayuppleiloeiro.com.br,,,
,Facanha Leilões,https://www.facanhaleiloes.com.br,,,
,Gustavo Reis Leilões,https://www.gustavoreisleiloes.com.br,,,
,Leilões Já,https://www.leiloesja.com.br,,,
,Marco Túlio Leilões,https://www.marcotulioleiloes.com.br,,,
,Porto Leilões,https://www.portoleiloes.com.br,,,
,Rafael Leiloeiro,https://www.rafaelleiloeiro.com.br,,,
,Rápidão Vende,https://www.rapidaovende.com.br,,,
,Ribeiro Borba Leilões,https://www.ribeiroborbaleiloes.com.br,,,
,Ricardo Gomes Leilões,https://www.ricardogomesleiloes.com.br,,,
,Rodrigo Costa Leiloeiro,https://www.rodrigocostaleiloeiro.com.br,,,
,Rodrigo Leiloeiro,https://www.rodrigoleiloeiro.com.br,,,
,Stefanelli Leilões,https://www.stefanellileiloes.com.br,,,
,Uni Leilões,https://www.unileiloes.com.br,,,
,Vecchi Leilões,https://www.vecchileiloes.com.br,,,
,Caiapo Leilões,https://www.caiapoleiloes.com.br,,,
,King Leilões,https://www.kingleiloes.net,,,
,Leiloeiro Eduardo,https://www.leiloeiroeduardo.com.br,,,
,Leilões Anápolis,https://www.leiloesanapolis.com.br,,,
,Lira Leilões,https://www.liraleiloes.com.br,,,
,Norte Leilões,https://www.norteleiloes.com.br,,,
,San Carlo Leilões,https://www.sancarleiloes.com.br,,,
,Teleselima Leilões,https://www.teleselimaleiloes.com.br,,,
,Tríade Leilões,https://www.triadeleiloes.com.br,,,
,Ubaldo Leilões,https://www.ubaldoleiloes.com.br,,,
,Leilões PB,https://www.leiloespb.com.br,,,
,Lilian Portugal,https://www.lilianportugal.com.br,,,
,Peter Longo Leilões,https://www.peterlongoleiloes.com.br,,,
,Aba Leilões,https://www.abaleiloes.com.br,,,
,Casa Forte Leilões,https://www.casaforteleiloes.com.br,,,
,Golden Lance,https://www.goldenlance.com.br,,,
,JV Leilões,https://www.jvleiloes.lel.br,,,
,Portella Leilões,https://www.portellaleiloes.com.br,,,
,Adaiana Garcia Leilões,https://www.adaianagarcialeiloes.com.br,,,
,A. Marques Leilões,https://www.amarquesleiloes.com.br,,,
,Baldissera Leiloeiros,https://www.baldisseraleiloeiros.com.br,,,
,Baldissera Leilões,https://www.baldisseraleiloes.com.br,,,
,Brassiani Leilões,https://www.brassianileiloes.com.br,,,
,Catarina Leilões,https://www.catarinaleiloes.com.br,,,
,Corrêa Quinhones Leilões,https://www.correaquinhonesleiloes.com.br,,,
,Damiani Leilões,https://www.damianileiloes.com.br,,,
,Deltta Leilões,https://www.delttaleiloes.com.br,,,
,Fabiane Baldissera Leilões,https://www.fabianebaldisseraleiloes.com.br,,,
,Fabricca Leilões,https://www.fabriccaleiloes.com.br,,,
,FB Leilões,https://www.fbleiloes.com.br,,,
,F. Pacheco Leilões,https://www.fpachecoleiloes.com.br,,,
,Golden Brazil Leilões,https://www.goldenbrazilleiloes.com.br,,,
,Krobel Leilões,https://www.krobelleiloes.com.br,,,
,Leilões Itamar,https://www.leiloesitamar.com.br,,,
,Licitari,https://www.licitari.com.br,,,
,Maxter Leilões,https://www.maxterleiloes.com.br,,,
,Mazzolli Leilões,https://www.mazzollileiloes.com.br,,,
,Nelci Leilões,https://www.nelcileiloes.com.br,,,
,Oeste Leilões,https://www.oesteleiloes.com.br,,,
,Sampaio Leilões,https://www.sampaioleiloes.com.br,,,
,Saulo Júlio Leiloeiro,https://www.saulojulioleiloeiro.com.br,,,
,Scottini Leilões,https://www.scottinileiloes.com.br,,,
,Suprema Leilões,https://www.supremaleiloes.com.br,,,
,Tai Leilões,https://www.taileiloes.com.br,,,
,Top Leilões,https://www.topleiloes.com.br,,,
,Trombetta Leilões,https://www.trombettaleiloes.com.br,,,
,Zampieri Leiloeiro,https://www.zampierileiloeiro.com.br,,,
,Zampieri Leilões,https://www.zampierileiloes.com.br,,,
,Espresso Leilões,https://www.espressoleiloes.com.br,,,
,Leiloador,https://www.leiloador.com.br,,,
,Alexandre Costa Leilões,https://www.alexandrecostaleiloes.com.br,,,
,Ana Lúcia Leiloeira,https://www.analucialeiloeira.com.br,,,
,Andréa Leiloeira,https://www.andrealeiloeira.lel.br,,,
,Brites Leiloeiro,https://www.britesleiloeiro.com.br,,,
,BSP Leilões,https://www.bspleiloes.com.br,,,
,Frederico Leilões,https://www.fredericoleiloes.com.br,,,
,JJ Leiloeiro,https://www.jjleiloeiro.com.br,,,
,Silvani Leiloeira,https://www.leiloeirasilvani.com.br,,,
,Legentil Leiloeiro,https://www.leiloeirolegentil.com.br,,,
,Mario Ricart,https://www.marioricart.lel.br,,,
,MK Lance,https://www.mklance.com.br,,,
,Octavio Vianna,https://www.octaviovianna.lel.br,,,
,Onildo Bastos,https://www.onildobastos.com.br,,,
,Ricardo Correa Leilões,https://www.ricardocorrealeiloes.com.br,,,
,Silas Leiloeiro,https://www.silasleiloeiro.lel.br,,,
,Tostes Leiloeiro,https://www.tostesleiloeiro.com.br,,,
,Mercado Bomvalor,https://mercado.bomvalor.com.br/,,,
,Abrantes Leilões,https://www.abrantesleiloes.com,,,
,All Leilões,https://www.alleiloes.com.br,,,
,Arremata Bem,https://www.arrematabem.com.br,,,
,Bringel Leilões,https://www.bringelleiloes.com.br,,,
,Gelson Leilões,https://www.gelsonleiloes.com.br,,,
,KS Leilões,https://www.ksleiloes.com.br,,,
,Lance Justo,https://www.lancejusto.com.br,,,
,Maria Clarice Leilões,https://www.mariaclariceleiloes.com.br,,,
,Newton Leilões,https://www.newtonleiloes.com.br,,,
,O Leilões,https://www.oleiloes.com.br,,,
,RD Leilões,https://www.rdleiloes.com.br,,,
,Spencer Leilões,https://www.spencerleiloes.com.br,,,
,Vasconcelos Leilões,https://www.vasconcelosleiloes.com.br,,,
,VM Leilões,https://www.vmleiloes.com.br,,,
,Central Judicial,https://www.centraljudicial.com.br,,,
,Extrajust Leilões,https://www.extrajustleiloes.com.br,,,
,Granado Leilões,https://www.granadoleiloes.com.br,,,
,Horizonte Leilões,https://www.horizonteleiloes.com.br,,,
,Lance no Leilão,https://www.lancenoleilao.com.br,,,
,Lance Total,https://www.lancetotal.com.br,,,
,S Frazão,https://www.sfrazao.com.br,,,
,W Leilões,https://www.wleiloes.com.br,,,
,Battaglia Leiloeiro,https://www.battaglialeiloeiro.com.br,,,
,Eduardo Sorgi Leiloeiro,https://www.eduardosorgileiloeiro.com.br,,,
,Gustavo Moretto Leiloeiro,https://www.gustavomorettoleiloeiro.com.br,,,
,José Quenca Leiloeiro,https://www.josequencaleiloeiro.com.br,,,
,Pedro Oliveira Leiloeiro,https://www.pedrooliveiraleiloeiro.com.br,,,
,Sumaré Leilões,https://www.sumareleiloes.com.br,,,
,Willian Quenca Leiloeiro,https://www.willianquencaleiloeiro.com.br,,,
,Luiz Leilões,https://www.luizleiloes.com.br,,,
,PB Castro,https://www.pbcastro.com.br,,,
,RMM Leilões,https://www.rmmleiloes.com.br,,,
,Nakakogue Leilões,https://www.nakakogueleiloes.com.br,,,
,PSN Leilões,https://www.psnleiloes.com.br,,,
,Casa de Leilões,https://www.casadeleiloes.com.br,,,
,Euro Leilões,https://www.euroleiloes.com.br,,,
,HC Leilões,https://www.hcleiloes.com.br,,,
,Leilões Online MS,https://www.leiloesonlinems.com.br,,,
,Regina Aude Leilões,https://www.reginaaudeleiloes.com.br,,,
,Via Leilões,https://www.vialeiloes.com.br,,,
,André Araújo Leilões,https://www.andrearaujoleiloes.com.br,,,
,Baston Leilões,https://www.bastonleiloes.com.br,,,
,Cesar Brito Leilões,https://www.cesarbritoleiloes.com.br,,,
,Custódio Leilões,https://www.custodioleiloes.leilao.br,,,
,Maria Vitorino Leiloeira,https://www.mariavitorinoleiloeira.com.br,,,
,Hasta Pública,https://www.hastapublica.com.br,,,
,Lance Now,https://www.lancenow.com.br,,,
,Silvia Barros,https://www.silviabarros.com.br,,,
,Valland,https://www.valland.com.br,,,
,M7 Leilões,https://www.m7leiloes.com,,,
,Molgado,https://www.molgado.com.br,,,
,Dalcanale Leilões,https://www.dalcanaleleiloes.com.br,,,
,LB Leilões,https://www.lbleiloes.com.br,,,
,SF Leilões,https://www.sfleiloes.com.br,,,
,Mega Leilões,https://www.megaleiloes.com.br,,,
,Mega Leilões MS,https://www.megaleiloesms.com.br,,,
,DF Leilões,https://www.dfleiloes.com.br,,,
,IPC Leilões,https://www.ipcleiloes.com.br,,,
,Curiau Leilões,https://www.curiauleiloes.com.br,,,
,ML Leilões,https://www.mlleiloes.com.br,,,
,Brasília Leilões,https://www.brasilialeiloes.com.br,,,
,Hatory Leilões,https://www.hatoryleiloes.com.br,,,
,Leilões Uberlândia,https://www.leiloesuberlandia.com.br,,,
,Grupo Lance,https://www.grupolance.com.br,,,
,Miranda Carvalho Leilões,https://www.mirandacarvalholeiloes.com.br,,,
,Fórmula Leilões,https://www.formulaleiloes.com.br,,,
,Leia Leilões,https://www.leialeiloes.com.br,,,
,Portal do Leiloeiro,https://www.portaldoleiloeiro.com.br,,,
,Sabrina Leilões,https://www.sabrinaleiloes.com.br,,,
,Desanti Leilões,https://www.desantileiloes.com.br,,,
,Djanir Leilões,https://www.darosleiloes.com.br/,,,
,Inova Leilão,https://www.inovaleilao.com.br,,,
,Alliance Leilões,https://www.allianceleiloes.com.br,,,
,Mauro Marcello,https://www.mauromarcello.lel.br,,,
,Cassiano Leilões,https://www.cassianoleiloes.com.br,,,
,Gustavo Leiloeiro,https://www.gustavoleiloeiro.lel.br,,,
,SD Leilões,https://www.sdleiloes.com.br,,,
,Serrana Leilões,https://www.serranaleiloes.com.br,,,
,Joel Reis Leilões,https://www.joelreisleiloes.com.br,,,
,Alexsandro Leilões,https://www.alexsandroleiloes.com.br,,,
,Krieger Leilões,https://www.kriegerleiloes.com.br,,,
,E-Santos Leilões,https://www.e-santosleiloes.com.br,,,
,Lote Leilões,https://www.loteleiloes.com.br,,,
,Sa Leilões,https://www.saleiloes.com.br,,,
,Sistema Leilões,https://www.sistemaleiloes.com.br,,,
,Super Dias Leilões,https://www.superdiasleiloes.com.br,,,
,Alienajud,https://www.alienajud.com.br,,,
,123 Leilões,https://www.123leiloes.com.br,,,
,Bravo Leilões,https://www.bravoleiloes.com.br,,,
,ACT Leilões,https://www.actleiloes.com.br,,,
,AG Leilões,https://www.agleiloes.com.br,,,
,Amazonas Leilões,https://www.amazonasleiloes.com.br,,,
,Apabrf Leilões,https://www.apabrfleiloes.com.br,,,
,Ativos Leilões,https://www.ativosleiloes.com.br,,,
,Atrio Leilões,https://www.atrioleiloes.com.br,,,
,BCO Leilões,https://www.bcoleiloes.com.br,,,
,Biancart Leilões,https://www.biancartleiloes.com.br,,,
,Brancalliao,https://www.brancalliao.com.br,,,
,Casa Reis Leilões,https://www.casareisleiloes.com.br,,,
,Conecta Leilões,https://www.conectaleiloes.com.br,,,
,Cris Leilões,https://www.crisleiloes.com.br,,,
,Destak Leilões,https://www.destakleiloes.com.br,,,
,Douglas Leiloeiro,https://www.douglasleiloeiro.com.br,,,
,Ethos Leilões,https://www.ethosleiloes.com.br,,,
,Excellence Leilões,https://www.excellenceleiloes.com.br,,,
,Fernando Leiloeiro,https://www.fernandoleiloeiro.com.br,,,
,Franco Leilões,https://www.francoleiloes.com.br,,,
,Franklin Leilões,https://www.franklinleiloes.com.br,,,
,GF Leilões,https://www.gfleiloes.com.br,,,
,Gisler Leilões,https://www.gislerleiloes.com.br,,,
,Grupo Arremata Leilões,https://www.grupoarremateleiloes.com.br,,,
,Impacto Leilões,https://www.impactoleiloes.com.br,,,
,Insigne Leilões,https://www.insigneleiloes.com.br,,,
,Jikal Leilões,https://www.jikalleiloes.com.br,,,
,Jonas Leiloeiro,https://www.jonasleiloeiro.com.br,,,
,KTZ Leilões,https://www.ktzleiloes.com.br,,,
,Legalbid Leilão,https://www.legalbidleilao.com.br,,,
,Legis Leilões,https://www.legisleiloes.com.br,,,
,Leilão Eletrônico,https://www.leilaoeletronico.com.br,,,
,Leilão Oficial Online,https://www.leilaooficialonline.com.br,,,
,Erika Maciel Leiloeira,https://www.leiloeiraerikamaciel.com.br,,,
,Leilões Mager,https://www.leiloesmager.com.br,,,
,Lucas Leiloeiro,https://www.lucasleiloeiro.com.br,,,
,Mesquita Leilões,https://www.mesquitaleiloes.com.br,,,
,Milhão Leilões,https://www.milhaoleiloes.com.br,,,
,Multiplique Leilões,https://www.multipliqueleiloes.com.br,,,
,NRN Leilões,https://www.nrnleiloes.com.br,,,
,Paulo Ramos Leiloeiro,https://www.pauloramosleiloeiro.com.br,,,
,Pecini Leilões,https://www.pecinileiloes.com.br,,,
,Planeta dos Leilões,https://www.planetadosleiloes.com.br,,,
,Portal Bayit,https://www.portalbayit.com.br,,,
,Projud Leilões,https://www.projudleiloes.com.br,,,
,Pulse Leilões,https://www.pulseleiloes.com.br,,,
,Raota Leilões,https://www.raotaleiloes.com.br,,,
,Rodrigo Bonfanti Leilões,https://www.rodrigobonfantileiloes.com.br,,,
,Silva Leilões,https://www.silvaleiloes.com.br,,,
,Silveira Leilões,https://www.silveiraleiloes.com.br,,,
,Sublime Leilões,https://www.sublimeleiloes.com.br,,,
,Taba Leilões,https://www.tabaleiloes.com.br,,,
,Teza,https://www.teza.com.br,,,
,Tradição Leilões,https://www.tradicaoleiloes.com.br,,,
,TrustBid,https://www.trustbid.com.br,,,
,Up Leilão,https://www.upleilao.com.br,,,
,Vendas Judiciais,https://www.vendasjudiciais.com.br,,,
,Vêneto Leilões,https://www.venetoleiloes.com.br,,,
,Ventureli Leilões,https://www.venturelileiloes.com.br,,,
,Viana Leilões,https://www.vianaleiloes.com.br,,,
,Viva Leilões,https://www.vivaleiloes.com.br,,,
,PW Leilões,https://www.pwleiloes.com.br,,,
,Fidalgo Leilões,https://www.fidalgoleiloes.com.br,,,
,Hastas Leilões,https://www.hastasleiloes.com.br,,,
,Ribeiro Leilões,https://www.ribeiroleiloes.com.br,,,
,Leilo,https://www.leilo.com.br,,,
,Pacto Leilões,https://www.pactoleiloes.com.br,,,
,Cunha Leiloeiro,https://www.cunhaleiloeiro.com.br,,,
,Edgar Carvalho Leiloeiro,https://www.edgarcarvalholeiloeiro.com.br,,,
,Arena Leilão,https://www.arenaleilao.com.br,,,
,Big Leilão,https://www.bigleilao.com.br,,,
,APL Leilões,https://www.aplleiloes.com.br,,,
,Buaiz Leilões,https://www.buaizleiloes.com.br,,,
,Serpa Leilões,https://www.serpaleiloes.com.br,,,
,Wermelinger Leilões,https://www.wermelingerleiloes.com.br,,,
,Leilão Brasil,https://www.leilaobrasil.com.br,,,
,ES Leilões,https://www.esleiloes.com.br,,,
,Valero Leilões,https://www.valeroleiloes.com.br,,,
,Marco Antonio Leiloeiro,https://www.marcoantonioleiloeiro.com.br,,,
,Rofrem Leilões,https://www.rofremleiloes.com.br,,,
,Sandra Santos Leilões,https://www.sandrasantosleiloes.com.br,,,
,Saraiva Leilões,https://www.saraivaleiloes.com.br,,,
,Sued Peter Leilões,https://www.suedpeterleiloes.com.br,,,
,Donizette Leilões,https://www.donizetteleiloes.leilao.br,,,
,Magalhães Leilões,https://www.magalhaesleiloes.com.br,,,
,Mais Leilão,https://www.maisleilao.com.br,,,
,VL Leilões,https://www.vlleiloes.com.br,,,
,Bidgo,https://www.bidgo.com.br,,,
,AC Leilões,https://www.acleiloes.com.br,,,
,AGS Leilões,https://www.agsleiloes.com.br,,,
,Alfa Leilões,https://www.alfaleiloes.com,,,
,Araújo Leilões,https://www.araujoleiloes.com.br,,,
,Arremate,https://www.arremate.lel.br,,,
,Benedetto Leilões,https://www.benedettoleiloes.com.br,,,
,Benito Soluções Judiciais,https://www.benitosolucoesjudiciais.com.br,,,
,Coliseum Leilões,https://www.coliseumleiloes.com.br,,,
,Cristiano Escola Leilões,https://www.cristianoescolaleiloes.com.br,,,
,D1 Lance,https://www.d1lance.com.br,,,
,Daux,https://www.daux.com.br,,,
,Deseu Lance,https://www.deseulance.com,,,
,Gestor de Leilões,https://www.gestordeleiloes.com.br,,,
,Farol Online,https://www.faroonline.com.br,,,
,Flávio Garcia,https://www.flaviogarcia.lel.br,,,
,Flex Leilões,https://www.flexleiloes.com.br,,,
,Globo Leilões,https://www.globoleiloes.com.br,,,
,Graci Leilões,https://www.gracieleiloes.com.br,,,
,Grupo Carvalho Leilões,https://www.grupocarvalholeiloes.com.br,,,
,JE Leilões,https://www.jeleiloes.com.br,,,
,Jorge Brasil,https://www.jorgebrasil.lel.br,,,
,Lance Certo Leilões,https://www.lancecertoleiloes.com.br,,,
,Leilão Online,https://www.leilaoonline.net,,,
,Leilão Vip,https://www.leilaovip.com.br,,,
,Leiloaria Smart,https://www.leiloariasmart.com.br,,,
,Bonatto Leiloeiro,https://www.leiloeirobonatto.com,,,
,Lunelli Leilões,https://www.lunellileiloes.com.br,,,
,Leiloeiro Público,https://www.leiloeiropublico.com.br,,,
,Leilões Brasil TO,https://www.leiloesbrasilto.com.br,,,
,Leilões Freire,https://www.leiloesfreire.com.br,,,
,Bueno Leilões,https://www.buenoleiloes.com.br,,,
,Leilões Monteiro,https://www.leiloesmonteiro.com.br,,,
,Leje,https://www.leje.com.br,,,
,Lucian Leilões,https://www.lucianleiloes.com.br,,,
,Luiz Campolina,https://www.luizcampolina.com.br,,,
,Luthero Leilões,https://www.lutheroleiloes.com.br,,,
,Mana Leilões,https://www.manaleiloes.com.br,,,
,Marcus Vinicius Leilões,https://www.marcusviniciusleiloes.com.br,,,
,Norte de Minas Leilões,https://www.nortedeminasleiloes.com.br,,,
,Parque dos Leilões,https://www.parquedosleiloes.com.br,,,
,Portal dos Leilões,https://www.portaldosleiloes.com,,,
,Portal Zuk,https://www.portalzuk.com.br,,,
,Rogério Menezes,https://www.rogeriomenezes.com.br,,,
,Romeu Herter,https://www.romeuherter.com.br,,,
,Rossi Leilões,https://www.rossileiloes.com.br,,,
,Rymer Leilões,https://www.rymerleiloes.com.br,,,
,Savoy Leilões,https://www.savoyleiloes.com.br,,,
,Schulmann Leilões,https://www.schulmannleiloes.com.br,,,
,Simon Leilões,https://www.simonleiloes.com.br,,,
,Sodré Santoro,https://www.sodresantoro.com.br,,,
,Turani Leilões,https://www.turanileiloes.com.br,,,
,Universo dos Leilões,https://www.universodosleiloes.com.br,,,
,Capital Leilões,https://www.capitalleiloes.com.br,,,
,Claudio Kuss Leilões,https://www.claudiokussleiloes.com.br,,,
,Freitas Leiloeiro,https://www.freitasleiloeiro.com.br,,,
,Paulo Botelho Leiloeiro,https://www.paulobotelholeiloeiro.com.br,,,
,Lance Já,https://www.lanceja.com.br,,,
,Biasi Leilões,https://www.biasileiloes.com.br,,,
,Frazão Leilões,https://www.frazaoleiloes.com.br,,,
,CH Barbosa Leilões,https://www.chbarbosaleiloes.com.br,,,
,Falleiros Leilões,https://www.falleirosleiloes.com.br,,,
,Leilões Brasil Cassiano,https://www.leiloesbrasilcassiano.com.br,,,
,MV Leilões,https://www.mvleiloes.com.br,,,
,Alexandridis Leilões,https://www.alexandridisleiloes.com.br,,,
,Picelli Leilões,https://www.picellileiloes.com.br,,,
,Taha Leilões,https://www.tahaleiloes.com.br,,,
,GP Leilões,https://www.gpleiloes.com.br,,,
,Leilões Judiciais,https://www.leiloesjudiciais.com.br,,,
,Giuliano Ferronato,https://www.giulianoferronato.com.br,,,
,E-Leilões,https://www.e-leiloes.com.br,,,
,Web Leilões,https://www.webleiloes.com.br,,,
,Leilões Brasil,https://www.leiloesbrasil.com.br,,,
,Rocha Leilões,https://www.rochaleiloes.com.br,,,
,Topo Leilões,https://www.topoleiloes.com.br,,,
,Copart,https://www.copart.com.br,,,
,Leiloeiro,https://www.leiloeiro.lel.br,,,
,Central Sul de Leilões,https://www.centralsuldeleiloes.com.br,,,
,Tri Leilões,https://www.trileiloes.com.br,,,
,Balbino Leilões,https://www.balbinoleiloes.com.br,,,
,Guariglia Leilões,https://www.guariglialeiloes.com.br,,,
,Leilão Investment,https://www.leilaoinvestment.com.br,,,
,Altit Casa de Arte e Leilões,https://www.altitcasadearteeleiloes.com.br,,,
,Brauna Leilões,https://www.braunaleiloes.blogspot.com.br,,,
,Casa 8 Leilões,https://www.casa8leiloes.com.br,,,
,CIA Paulista de Leilões,https://www.ciapaulistadeleiloes.com.br,,,
,Corrêa da Costa,https://www.correadacosta.com.br,,,
,Editora Juspodivm,https://www.editorajuspodivm.com.br,,,
,Fibra Galeria,https://www.fibragaleria.com.br,,,
,iArremate,https://www.iarremate.com,,,
,Karina Gandelman,https://www.karinagandelman.com.br,,,
,Leilão de Arte,https://www.leilaodearte.com,,,
,Leilão Seguro,https://www.leilaoseguro.org.br,,,
,Leilões BR,https://www.leiloesbr.com.br,,,
,Leilofácil,https://www.leilofacil.lel.br,,,
,Levy Leiloeiro,https://www.levyleiloeiro.com.br,,,
,Roberto Haddad,https://www.robertohaddad.com.br,,,
,Severo Barbosa Leiloeiro,https://www.severobarbosaleiloeiro.com.br,,,
,Sindicato dos Leiloeiros RJ,https://www.sindicatodosleiloeirosrj.com.br,,,
,Suporte Leilões,https://www.suporteleiloes.com.br,,,
,Vale do Aço Online,https://www.valedoacoonline.com.br,,,
,Von Brusky,https://www.vonbrusky.com.br,,,
,Fernando Braga,https://www.fernandobraga.lel.br,,,
,Galeria Alphaville,https://www.galeriaalphaville.com.br,,,
,Vitor Calab Leiloeiro,https://www.www.vitorcalableiloeiro.com.br,,,
,Lelia Lenz,https://www.lelialenz.com.br,,,
,Canal Leilões,https://www.canalleiloes.com,,,
,Arrematar Online,https://www.arremataronline.com.br,,,
,Vardana Leilões,https://www.vardanaleiloes.com.br,,,
,Amélia Leiloeira,https://www.amelialeiloeira.com.br,,,
,Ana Mello Leiloeira,https://www.anamelloleiloeira.com.br,,,
,Antigo Leilão,https://www.antigoleilao.com.br,,,
,Arte Maior Leilões,https://www.artemaiorleiloes.com.br,,,
,Bastos Leilões,https://www.bastosleiloes.com.br,,,
,Canvas Galeria de Arte,https://www.br.canvasgaleriadearte.com.br,,,
,Ernani Leiloeiro,https://www.br.ernanileiloeiro.com.br,,,
,Branco Peron Leiloeiro,https://www.brancoperonleiloeiro.com.br,,,
,Budano Leiloeiro,https://www.budanoleiloeiro.com.br,,,
,Casa Amarela Leilões,https://www.casaamarelaleiloes.net.br,,,
,Casa Paladino,https://www.casapaladino.com.br,,,
,CB Leiloeiro,https://www.cb-leiloeiro.com.br,,,
,Claudio Firmino Leiloeiro,https://www.claudiofirminoleiloeiro.com.br,,,
,Claudio Santana Leiloeiro,https://www.claudiosantanaleiloeiro.com.br,,,
,Daniel Chaieb Leiloeiro,https://www.danielchaiebleiloeiro.com.br,,,
,Ferraz Leilões,https://www.ferrazleiloes.com.br,,,
,Gabriel Rota,https://www.gabrielrota.com.br,,,
,Lagemmê Leilões,https://www.lagemmeleiloes.com.br,,,
,Leilões Eternno,https://www.leiloeseternno.com.br,,,
,Leilões LDR,https://www.leiloesldr.com.br,,,
,L. Menezes Leilões,https://www.lmenezesleiloes.com.br,,,
,Mari Rodrigues Leiloeira,https://www.marirodriguesleiloeira.com.br,,,
,Melo Leiloeiro,https://www.meloleiloeiro.com.br,,,
,Originarte Leilões,https://www.originarteleiloes.com.br,,,
,Pedro Silva Leiloeiro,https://www.pedrosilvaleiloeiro.com.br,,,
,PRH Leilões,https://www.prhleiloes.com.br,,,
,Rosana Vale Leilões,https://www.rosanavaleleiloes.com.br,,,
,Stipp Leiloeiro,https://www.stippleiloeiro.com.br,,,
,Tamiris Carvalho Leiloeira,https://www.tamiriscarvalholeiloeira.com.br,,,
,Tavares Leilões,https://www.tavaresleiloes.com.br,,,
,Thomaz de Aquino Leilões,https://www.thomazdeaquinoleiloes.com.br,,,
,Alberto Lopes Leiloeiro,https://www.albertolopesleiloeiro.com.br,,,
,Ambra Leilões,https://www.ambraleiloes.com.br,,,
,AMX Leilões,https://www.amxleiloes.com.br,,,
,Ana Clara Leilões,https://www.anaclaraleiloes.lel.br,,,
,Andrea Diniz,https://www.andreadiniz.com.br,,,
,Antiques Design,https://www.antiquesdesign.com.br,,,
,AW Leilões,https://www.awleiloes.com.br,,,
,Borgerth Teixeira Leiloeiros,https://www.borgerthteixeiraleiloeiros.com.br,,,
,Capadócia Leilões,https://www.capadocialeiloes.com.br,,,
,Casarionegro Leilões,https://www.casarionegroleiloes.com.br,,,
,Castro Leal Leilões,https://www.castrolealleiloes.com.br,,,
,Conrado Leiloeiro,https://www.conradoleiloeiro.com.br,,,
,Dargent Leilões,https://www.dargentleiloes.net.br,,,
,Empório do Colecionador,https://www.emporiodocolecionador.com.br,,,
,Evânio Alves Leiloeiro,https://www.evanioalvesleiloeiro.com.br,,,
,Fakiani Leilões,https://www.fakianileiloes.com.br,,,
,Família Rosa Leilões,https://www.familiarosaleiloes.com.br,,,
,Frankfurt Leilões,https://www.frankfurtleiloes.com.br,,,
,Galpão dos Leilões,https://www.galpaodosleiloes.lel.br,,,
,Gasparotto Leilões,https://www.gasparottoleiloes.com.br,,,
,GM Leilões,https://www.gmleiloes.com.br,,,
,Gondolo Leilões,https://www.gondololeiloes.lel.br,,,
,J. B. Iglesias,https://www.jbiglesias.com.br,,,
,JC Leiloeiro,https://www.jcleiloeiro.com,,,
,JF Leiloeira,https://www.jfleiloeira.com.br,,,
,J Mesquita Leilões,https://www.jmesquitaleiloes.com.br,,,
,João de Franco Leiloeiro,https://www.joaodefrancoleiloeiro.com.br,,,
,Jonas,https://www.jonas.lel.br,,,
,JP Jóias e Pedras Leilões,https://www.jpjoiasepedrasleiloes.com.br,,,
,Leilão de Arte Brasileira,https://www.leilaodeartebrasileira.com.br,,,
,Leilões Petrópolis,https://www.leiloespetropolis.com.br,,,
,Luiz Sérgio Pereira,https://www.luizsergiopereira.lel.br,,,
,Marcio Pinho,https://www.marciopinho.com.br,,,
,Maria Pia Leilões,https://www.mariapialeiloes.com.br,,,
,Martha Padilha Leiloeira,https://www.marthapadilhaleiloeira.lel.br,,,
,MGA Leilões,https://www.mgaleiloes.com.br,,,
,Michelangelo Leilões,https://www.michelangeloleiloes.com.br,,,
,Moura Azevedo Leilões,https://www.mouraazevedoleiloes.lel.br,,,
,Napoleão Leilões,https://www.napoleaoleiloes.com.br,,,
,O Mundo Leilões,https://www.omundoleiloes.com.br,,,
,Panda Coleções,https://www.pandacolecoes.com.br,,,
,Paques Leiloeiro,https://www.paquesleiloeiro.com.br,,,
,Railda Costa,https://www.raildacosta.com.br,,,
,Raul Barbosa,https://www.raulbarbosa.com.br,,,
,Renot Leilões,https://www.renotleiloes.com.br,,,
,Rezende Guimarães,https://www.rezendeguimaraes.com.br,,,
,RF Leilões,https://www.rfleiloes.com.br,,,
,RHB Leilões,https://www.rhbleiloes.com.br,,,
,RM Gouvea Leilões,https://www.rmgouvealeiloes.com.br,,,
,Romano Leilões,https://www.romanoleiloes.com.br,,,
,RT Leilões,https://www.rtleiloes.com.br,,,
,Século XX Leilões,https://www.seculoxxleiloes.com.br,,,
,Silvio Santos Leiloeiro,https://www.silviosantosleiloeiro.com.br,,,
,T Baracaju Leilões,https://www.tbaracajuleiloes.com.br,,,
,Thais Queiroz Leiloeira,https://www.thaisqueirozleiloeira.com.br,,,
,Valdir Teixeira Leiloeiro,https://www.valdirteixeiraleiloeiro.com.br,,,
,Valéria Milhena Leiloeira,https://www.valeriamilhenaleiloeira.com.br,,,
,Valmir Matos,https://www.valmirmatos.lel.br,,,
,Vera Tostes Leilões,https://www.veratostesleiloes.com.br,,,
,AJ Leilões,https://www.ajleiloes.com.br/,,,
,Alan Leiloeiro,https://www.alanleiloeiro.lel.br/,,,
,Albuquerque Lins,https://www.albuquerquelins.com.br,,,
,Alencastro Leilões,https://www.alencastroleiloes.com.br,,,
,Arquimedes Leilões,https://www.arquimedesleiloes.com.br,,,
,Camila Gaia Leilões,https://www.camilagaialeiloes.com.br,,,
,Fauth Leilões,https://www.fauthleiloes.com.br,,,
,Ghisi Machado Leilões,https://www.ghisimachadoleiloes.com.br,,,
,Helton Fernandes,https://www.heltonfernandes.com.br,,,
,LeiloBras,https://www.leilobras.lel.br,,,
,Leilões MWD,https://www.leiloesmwd.com.br,,,
,Lopes Leilões,https://www.lopesleiloes.com.br,,,
,Luiza Cardoso Leiloeira,https://www.luizacardosoleiloeira.com.br,,,
,Luzia Leiloeira,https://www.luzialeiloeira.com.br,,,
,MC Leilão,https://www.mcleilao.com.br,,,
,Miotti Leilões,https://www.miottileiloes.com.br,,,
,Moscovic Leilões,https://www.moscovicleiloes.com.br.ncbrasil.com.br,,,
,MR Leilões,https://www.mrleiloes.com.br,,,
,Parahyba Leilões,https://www.parahybaleiloes.com.br,,,
,Peracchi Leilões,https://www.peracchileiloes.com.br,,,
,Pineiro Leilões,https://www.pineiroleiloes.com.br,,,
,Pinheiro Guimarães,https://www.pinheiroguimaraes.com.br,,,
,Prosalem Leilões,https://www.prosalemleiloes.com.br,,,
,Renan Neris Leiloeiro,https://www.renannerisleiloeiro.com.br,,,
,Reuzo,https://www.reuzo.com.br,,,
,Rubens H. Castro,https://www.rubenshcastro.com.br,,,
,Sérgio Oliveira Leilões,https://www.sergiooliveiraleiloes.com.br,,,
,Suênaga Leilões,https://www.suenagaleiloes.com.br,,,
,Torres Leilões,https://www.torresleiloes.com.br,,,
,ML Orga,https://www.mlorga.com.br,,,
,Eustácio,https://www.eustacio.com.br,,,
,Vieira Leilões,https://www.www.vieiraleiloes.com.br,,,
,Finatto Leilões,https://www.finattoleiloes.com.br,,,
,Mendes Leilões,https://www.mendesleiloes.com.br,,,
,Morales Leilões,https://www.moralesleiloes.com.br,,,
,Oportunidade Leilões,https://www.oportunidadeleiloes.com.br,,,
,3R Leilões,https://www.3rleiloes.net,,,
,DL Oficiais,https://www.dloficiais.com.br,,,
,Jonas Dellatonia,https://www.jonasdellatonia.com.br,,,
,Aloisio Cravo,https://www.aloisiocravo.com.br,,,
,Diligentenos Leilões,https://www.diligentenosleiloes.com,,,
,WM Leilões,https://www.wmleiloes.com.br,,,
,Ananda Leilões,https://www.anandaleiloes.com.br,,,
,Persico Leilões,https://www.persicoleiloes.com.br,,,
,Simões Leilões,https://www.simoesleiloes.com.br,,,
,Bernardo Lopes,https://www.bernardolopes.lel.br,,,
,CLX Leilões,https://www.clxleiloes.com.br,,,
,Dupla Leilões,https://www.duplaleiloes.com.br,,,
,Gabriela Martins Leiloeira,https://www.gabrielamartinsleiloeira.com.br,,,
,Grimaldi Leiloeiro,https://www.grimaldileiloeiro.com.br,,,
,Thaís Alexandre Leilões,https://www.leilaothaisalexandre.com.br,,,
,Leilões das Artes,https://www.leiloesdasartes.com.br,,,
,Patrimony Leilões,https://www.patrimonyleiloes.com.br,,,
,A Leiloeira,https://www.aleiloeira.leilao.br,,,
,Leilões Elo,https://www.leiloeselo.com.br,,,
,Pupio Leilões,https://www.pupioleiloes.com,,,
,Daniel Oliveira Leilões,https://www.danieloliveiraleiloes.com.br,,,
,De Werk,https://www.dewerk.lel.br,,,
,Fale do Leilão,https://www.faledoleilao.com.br,,,
,Gramado Leilões,https://www.gramadoleiloes.com.br,,,
,Leiloeiro Lunelli,https://www.leiloeirolunelli.com.br,,,
,Leilões Goiás,https://www.leiloesgoias.com.br,,,
,MS Leilões,https://www.msleiloes.com.br,,,
,Palácio dos Leilões,https://www.www.palaciodosleiloes.com.br,,,
,Public Jud,https://www.publicjud.com.br,,,
,Scheid Leilões,https://www.scheidleiloes.com.br,,,
,Érico Sobral,https://www.ericosobral.com.br,,,
,Tássia Menezes,https://www.tassianamenezes.com.br,,,
,Leilões Judiciais RS,https://www.leiloesjudiciaisrs.com.br,,,
,VIP Leilões,https://www.vipleiloes.com.br,,,
,Érico Leilões,https://www.ericoleiloes.com.br,,,
,Lance Judicial,https://www.lancejudicial.com.br,,,
,LeiloMaster,https://www.leilomaster.com.br,,,
,Clic Leilão,https://www.clicleilao.com.br,,,
,Confiança Leilões,https://www.confiancaleiloes.leilao.br/,,,
,E-Confiança,https://www.e-confianca.com.br,,,
,E-Leiloeiro,https://www.e-leiloeiro.com.br,,,
,Custódio Leilões,https://www.custodioleiloes.com.br,,,
,Federal Leilões,https://www.federalleiloes.com,,,
,Donizette Leilões,https://www.donizetteleiloes.com.br,,,
,Luiz Lobato Leiloeiro,https://www.luizlobatoleiloeiro.com.br,,,
,Ceará Leilões,https://www.cearaleiloes.com.br,,,
,Leilões Judiciais GO,https://www.leiloesjudiciaisgo.com.br,,,
,Leilões Judiciais MG Norte,https://www.leiloesjudiciaismgnorte.com.br,,,
,APA Leilões,https://www.apaleiloes.com.br,,,
,BRF Leilões,https://www.brfleiloes.com.br,,,
,Patrícia Leiloeira,https://www.patricialeiloeira.com.br,,,
,Teza Leilões,https://www.tezaleiloes.com.br,,,
,WS Leilões,https://www.wsleiloes.com.br,,,
,Leiloeiros,https://www.leiloeiros.lel.br,,,
,Norton Leilões,https://www.nortonleiloes.com.br,,,
,Oscar Leilões,https://www.oscarleiloes.com.br,,,
,Pietoso Leilões,https://www.pietosoleiloes.lel.br,,,
,RZ Leilões,https://www.rzleiloes.com.br,,,
,M. Luiza Leilões,https://www.mluizaleiloes.com.br,,,
,Ganiko Leilões,https://www.ganikoleiloes.com.br,,,
,Start Up Leilões,https://www.www.startupleiloes.com.br,,,
,Adelane Pedrozo Leilões,https://www.adelanepedrozoleiloes.com.br,,,
,Alberto Macedo Leilões,https://www.albertomacedoleiloes.com.br,,,
,André Luiz Leilões,https://www.andreluizleiloes.com.br,,,
,Ângela Bechara Leilões,https://www.angelabecharaleiloes.com.br,,,
,Argo Network Leilões,https://www.argonetworkleiloes.com.br,,,
,Asami Leilões,https://www.asamileiloes.com.br,,,
,Batista Leilões,https://www.batistaleiloes.com.br,,,
,Bezerra Leilões,https://www.bezerraleiloes.com.br,,,
,B Leilões,https://www.bleiloes.com.br,,,
,Buriham Leilões,https://www.burihamleiloes.com.br,,,
,Calil Leilões,https://www.calilleiloes.com.br,,,
,Cleber Cardoso Leilões,https://www.clebercardosoleiloes.com.br,,,
,Crepaldi Leilões,https://www.crepaldileiloes.com.br,,,
,Dario Leilões,https://www.darioleiloes.com.br,,,
,DBM Leilões,https://www.dbmleiloes.com.br,,,
,Destro Leilões,https://www.destroleiloes.com.br,,,
,Domingos Leilões,https://www.domingosleiloes.com.br,,,
,Duarte Leilões,https://www.duarteleiloes.com.br,,,
,Eckert Leilões,https://www.eckertleiloes.com.br,,,
,Ferrari Leilões,https://www.ferrarileiloes.com.br,,,
,GB Leilões,https://www.gbleiloes.com.br,,,
,GHVM Leilões,https://www.ghvmleiloes.com.br,,,
,Hamoui Leilões,https://www.hamouileiloes.com.br,,,
,Hirasawa Leilões,https://www.hirasawaleiloes.com.br,,,
,JMF Leilões,https://www.jmfleiloes.com.br,,,
,JM Leilões,https://www.jmleiloes.com.br,,,
,Kiel Leilões,https://www.kielleiloes.com.br,,,
,Kronberg,https://www.kronberg.lel.br,,,
,Lauand Leilões,https://www.lauandleiloes.com.br,,,
,Leiloaria,https://www.leiloaria.com.br,,,
,LeiloVale,https://www.leilovale.com.br,,,
,Marangoni Leilões,https://www.marangonileiloes.com.br,,,
,Mega Vale Leilões,https://www.megavaleleiloes.com.br,,,
,MGR Leilões,https://www.mgrleiloes.com.br,,,
,Miguel Perez Leilões,https://www.miguelperezleiloes.com.br,,,
,Next Leilões,https://www.nextleiloes.com.br,,,
,Nogueira Leilões,https://www.nogueiraleiloes.com.br,,,
,Nordeste Leilões,https://www.nordesteleiloes.com.br,,,
,NP Leilões,https://www.npleiloes.com.br,,,
,Olivio Rogério Leilões,https://www.olivirogerioleiloes.com.br,,,
,Pegoraro Leilões,https://www.pegoraroleiloes.com.br,,,
,Poli Leilões,https://www.polileiloes.com.br,,,
,Raicher,https://www.raicher.com.br,,,
,Renato Batista Leilões,https://www.renatobatistaleiloes.com.br,,,
,RMC Leilões,https://www.rmcleiloes.com.br,,,
,R Moyses,https://www.rmoyses.com.br,,,
,Rocket Leilões,https://www.rocketleiloes.com.br,,,
,Salgado Leilões,https://www.salgadoleiloes.com.br,,,
,Schanzer Leilões,https://www.schanzerleiloes.com.br,,,
,Total Leilões,https://www.totalleiloes.com.br,,,
,Tripoloni Leilões,https://www.tripolonileiloes.com.br,,,
,Alexandro Leiloeiro,https://www.alexandroleiloeiro.com.br,,,
,Ananias Godoy Leilões,https://www.ananiasgodoyleiloes.com.br,,,
,Barreto Leilões,https://www.barretoleiloes.com.br,,,
,Bertoncello,https://www.bertoncello.lel.br,,,
,BM Leilões,https://www.bmleiloes.com.br,,,
,Borges Leilões,https://www.borgesleiloes.com.br,,,
,Bramê Leilões,https://www.brameleiloes.com.br,,,
,Breno Lopes Leilões,https://www.brenolopesleiloes.com.br,,,
,BZ Leilões,https://www.bzleiloes.com.br,,,
,Carroll Rural Leilões,https://www.carrollruralleiloes.com.br,,,
,Chui Leilões,https://www.chuileiloes.com.br,,,
,CIA Nacional Leilões,https://www.cianacionalleiloes.com.br,,,
,Dallagnon Leilões,https://www.dallagnolleiloes.com.br,,,
,DR Leilões,https://www.drleiloes.com.br,,,
,Eco Leilões,https://www.ecoleiloes.com.br,,,
,Felipe Rotta Leilões,https://www.feliperottaleiloes.com.br,,,
,Gaia Leilões,https://www.gaialeiloes.com.br,,,
,GD Leilões,https://www.gdleiloes.com.br,,,
,Hoppe Leilões,https://www.hoppeleiloes.com.br,,,
,Jorge Marco Leilões,https://www.jorgemarcoleiloes.com.br,,,
,JZ Leilões,https://www.jzleiloes.com.br,,,
,Leilões ATP,https://www.leiloesatp.com.br,,,
,Leilões LR,https://www.leiloeslr.com.br,,,
,LeiloMinas,https://www.leilominas.com.br,,,
,Melhor Leilões,https://www.melhorleiloes.com.br,,,
,Monzon Leilões,https://www.monzonleiloes.com.br,,,
,OMC Leilões,https://www.omcleiloes.com.br,,,
,Pagliarini Leilões,https://www.pagliarinileiloes.com.br,,,
,Pedro Almeida Leiloeiro,https://www.pedroalmeidaleiloeiro.rio.br,,,
,Pinheiro Leilões,https://www.pinheiroleiloes.com.br,,,
,Plano Leilões,https://www.planoleiloes.com.br,,,
,Presotto Leilões,https://www.presottoleiloes.com.br,,,
,Q Leilão,https://www.qleilao.lel.br,,,
,Shiokawa Leilões,https://www.shiokawaleiloes.com.br,,,
,Sperança Leilões,https://www.sperancaleiloes.com.br,,,
,Tenório Leilões,https://www.tenorioleiloes.com.br,,,
,Tirloni Leilões,https://www.tirlonileiloes.com.br,,,
,Vinicius Biihrer Leilões,https://www.viniciusbiihrerleiloes.com.br,,,
,Zaccarino,https://www.zaccarino.com.br,,,
,Superbid,https://www.superbid.net,,,
,Kron Leilões,https://www.kronleiloes.com.br,,,
,Álvaro Ferreira Leiloeiro,https://www.alvaroferreiraleiloeiro.com.br,,,
,Donha Leilões,https://www.donhaleiloes.com,,,
,Leilão Imóvel,https://www.leilaoimovel.com.br,,,
,Leilões Bonfadini,https://www.leiloesbonfadini.com.br,,,
,Milan Leilões,https://www.milanleiloes.com.br,,,
,Pestana Leilões,https://www.pestanaleiloes.com.br,,,
,Sato Leilões,https://www.satoleiloes.com.br,,,
,Valério Leiloeiro,https://www.valerioleiloeiro.blogspot.com,,,
,Aureus Plataforma Leiloar,https://www.aureus.plataformaleiloar.com.br,,,
,Barcellos Leilões,https://www.barcellos.lel.br,,,
,Controle VIP Leilões,https://www.controle.vipleiloes.com.br,,,
,Fábio Guimarães Leilões,https://www.fabioguimaraesleiloes.com.br,,,
,Favareto Leilões,https://www.favaretoleiloes.com.br,,,
,JC Leiloeiro,https://www.jcleiloeiro.com.br,,,
,Tânia Abreu Leilões,https://www.leiloestaniaabreu.wixsite.com,,,
,Ponte Leilões,https://www.ponteleiloes.com.br,,,
,Roberto Mauro Leilões,https://www.robertomauroleiloes.com.br,,,
,Albino Queiroz,https://www.albinoqueiroz.com.br,,,
,Santa Catarina Leilões,https://www.santacatarinaleiloes.com.br,,,
,Anderson Leilões,https://www.andersonleiloes.com.br,,,
,C3 Leilões,https://www.c3leiloes.com.br,,,
,Perfil Leilões,https://www.perfilleiloes.com.br,,,
,C Gomes Leilões,https://www.cgomesleiloes.com.br,,,
,AJ Cabezon,https://www.ajcabezon.com.br,,,
,Jordão Leilões,https://www.jordaoleiloes.com.br,,,
,Eva Leilões,https://www.evaleiloes.com.br,,,
,Ineu Leilões,https://www.ineuleiloes.com.br,,,
,Peixoto Leilões,https://www.peixotoleiloes.com.br,,,
,Brito Leilões,https://www.britoleiloes.com.br,,,
,Cividini Leilões,https://www.cividinileiloes.com.br,,,
,GP Leilão,https://www.gpleilao.com.br,,,
,J Simão Leilões,https://www.jsimaoleiloes.com.br,,,
,Leilões Albino,https://www.leiloesalbino.com.br,,,
,Sala de Leilões,https://www.saladeleiloes.com.br,,,
,Corre Leilões,https://www.correleiloes.com.br,,,
,Emídio Medeiros Leilões,https://www.emidiomedeirosleiloes.com.br,,,
,Leilões RN,https://www.liloesrn.com.br,,,
,Londina Leilões,https://www.londinaleiloes.com.br,,,
,Mozar Leilões e Imóveis,https://www.mozarleiloeseimoveis.com.br,,,
,Roberto Alexandre,https://www.robertoalexandre.com.br,,,
,MA Leilões RO,https://www.maleiloesro.com.br,,,
,Murilo Chaves,https://www.murilochaves.com.br,,,
,JR Leilões,https://www.jotaerreleiloes.com.br,,,
,Marise Domingues,https://www.marisedomingues.com.br,,,
,Rapport Leilões,https://www.rapportleiloes.com.br,,,
,Alexius Leilões,https://www.alexiusleiloes.com.br,,,
,SA Leilões,https://www.saleiloes.lel.br,,,